,fmeasure,model,precision,pu_fmeasure_ci_lb,pu_fmeasure_ci_ub,pu_fmeasure_mean,pu_precision_ci_lb,pu_precision_ci_ub,pu_precision_mean,pu_recall_ci_lb,pu_recall_ci_ub,pu_recall_mean,recall,smell,use_puadapter,use_smotenn
0,0.8351648351648351,decision_tree,0.8361858190709046,0.8364081273123686,0.8410830372518904,0.8387798251934074,0.8386822121640913,0.8481360705340436,0.8434650722475634,0.8341463414634147,0.8341463414634147,0.8341463414634146,0.8341463414634146,LongMethod,0.0,0.0
1,0.8676844783715013,random_forest,0.9069148936170213,0.8683871022552944,0.8710205388075326,0.8697247856174243,0.9084514410208806,0.9142346714957403,0.9113843012842211,0.8317073170731707,0.8317073170731708,0.8317073170731708,0.8317073170731707,LongMethod,0.0,0.0
2,0.7543859649122806,naive_bayes,0.9416058394160584,0.754706744080858,0.7559068351770105,0.7553167753357876,0.9426059860067192,0.9463590315147052,0.9445115000975955,0.6292682926829269,0.6292682926829268,0.6292682926829268,0.6292682926829268,LongMethod,0.0,0.0
