,fmeasure,model,precision,pu_fmeasure_ci_lb,pu_fmeasure_ci_ub,pu_fmeasure_mean,pu_precision_ci_lb,pu_precision_ci_ub,pu_precision_mean,pu_recall_ci_lb,pu_recall_ci_ub,pu_recall_mean,recall,smell,use_puadapter,use_smotenn
0,0.028169014084507046,DivergentChangeHardThreshold,0.015151515151515152,0.03913259150421897,0.11518616119578165,0.08273089588881902,0.021688071897286054,0.08088522782417246,0.05215187663519076,0.19999999999999998,0.2,0.2,0.2,DivergentChange,0.0,0.0
1,0.2040816326530612,ShotgunSurgeryHardThreshold,0.11904761904761904,0.2040816326530612,0.5819896808542541,0.4056712510006446,0.11904761904761904,0.49104166965193646,0.2832780613786951,0.7142857142857143,0.7142857142857143,0.7142857142857144,0.7142857142857143,ShotgunSurgery,0.0,0.0
2,0.03508771929824561,ParallelInheritanceHardThreshold,0.02631578947368421,0.03508771929824561,0.0875418949411337,0.07376430627065005,0.02631578947368421,0.2599966022094212,0.12325312539371462,0.05263157894736842,0.052631578947368425,0.05263157894736842,0.05263157894736842,ParallelInheritance,0.0,0.0
