,fmeasure,model,precision,recall,smell,use_puadapter,use_smotenn
0,0.15217391304347824,DivergentChangeHardThreshold,0.08433734939759036,0.7777777777777778,DivergentChange,0.0,0.0
1,0.4210526315789474,ShotgunSurgeryHardThreshold,0.5714285714285714,0.3333333333333333,ShotgunSurgery,0.0,0.0
2,0.07407407407407408,ParallelInheritanceHardThreshold,0.06896551724137931,0.08,ParallelInheritance,0.0,0.0
