,fmeasure,model,precision,pu_fmeasure_ci_lb,pu_fmeasure_ci_ub,pu_fmeasure_mean,pu_precision_ci_lb,pu_precision_ci_ub,pu_precision_mean,pu_recall_ci_lb,pu_recall_ci_ub,pu_recall_mean,recall,smell,use_puadapter,use_smotenn
0,0.15217391304347824,DivergentChangeHardThreshold,0.08433734939759036,0.39133341118989573,0.7942791418824936,0.7364331811033484,0.26143673043714033,0.8114958703737208,0.699262260371575,0.7777777777777777,0.7777777777777778,0.7777777777777778,0.7777777777777778,DivergentChange,0.0,0.0
1,0.4210526315789474,ShotgunSurgeryHardThreshold,0.5714285714285714,0.42105263157894735,0.49892263539354226,0.49626740672601216,0.5714285714285714,0.9914364396095581,0.9707933530127015,0.3333333333333333,0.3333333333333333,0.33333333333333326,0.3333333333333333,ShotgunSurgery,0.0,0.0
2,0.3666666666666667,ParallelInheritanceHardThreshold,0.29333333333333333,0.36666666666666664,0.6175186136239953,0.5777787262501949,0.29333333333333333,0.8380022464993344,0.7061756732206075,0.4888888888888889,0.4888888888888889,0.48888888888888893,0.4888888888888889,ParallelInheritance,0.0,0.0
