,fmeasure,model,precision,pu_fmeasure_ci_lb,pu_fmeasure_ci_ub,pu_fmeasure_mean,pu_precision_ci_lb,pu_precision_ci_ub,pu_precision_mean,pu_recall_ci_lb,pu_recall_ci_ub,pu_recall_mean,recall,smell,use_puadapter,use_smotenn
0,0.031496062992125984,DivergentChangeHardThreshold,0.017391304347826087,0.04769115134015855,0.13543896668276417,0.10139558856537849,0.02782686075248397,0.11406671900697636,0.07286121013983088,0.16666666666666666,0.16666666666666666,0.16666666666666666,0.16666666666666666,DivergentChange,0.0,0.0
1,0.5263157894736842,ShotgunSurgeryHardThreshold,0.4166666666666667,0.5263157894736842,0.7949967283851004,0.7366143110518334,0.4166666666666667,0.8962712775973485,0.7603839399886486,0.7142857142857143,0.7142857142857143,0.7142857142857143,0.7142857142857143,ShotgunSurgery,0.0,0.0
2,0.034482758620689655,ParallelInheritanceHardThreshold,0.02631578947368421,0.034482758620689655,0.0834022994134753,0.07050380172078859,0.02631578947368421,0.2512465476127089,0.11951337093241411,0.05,0.05,0.049999999999999996,0.05,ParallelInheritance,0.0,0.0
