,Avg Instances By Project,Avg Ratio By Project,Avg Smells By Project,Avg Unlabeled By Project,Instance Count,Projects,Smell,Smells,Smells Deviation,Unlabeled
0,996.0833333333334,0.012003131435615919,6.861111111111111,989.2222222222222,35859.0,36.0,Blob,247.0,0.021788130424131892,35612.0
1,774.8421052631579,0.027021939459287506,21.57894736842105,753.2631578947369,14722.0,19.0,LongMethod,410.0,0.03607593374759808,14312.0
2,2664.6296296296296,0.005873292950828456,4.666666666666667,2659.962962962963,71945.0,27.0,FeatureEnvy,126.0,0.008881591338320588,71819.0
3,647.7142857142857,0.017301855142484373,2.7142857142857144,645.0,4534.0,7.0,ParallelInheritance,19.0,0.030608528181964748,4515.0
4,1204.888888888889,0.00237023298772876,1.1111111111111112,1203.7777777777778,10844.0,9.0,DivergentChange,10.0,0.0024086274205390936,10834.0
5,1501.6,0.003576268230213598,2.8,1498.8,7508.0,5.0,ShotgunSurgery,14.0,0.005577163427603855,7494.0
